<?xml version="1.0" encoding="UTF-8"?>
<!DOCTYPE mapper
PUBLIC "-//mybatis.org//DTD Mapper 3.0//EN"
"http://mybatis.org/dtd/mybatis-3-mapper.dtd">
<!-- id; firstName; lastName; email; -->
<mapper namespace="sist.com.bean.Customer"><!-- 반드시 namespace를 설정 아무거나 써도돼는데 겹칠까봐 왠만하면 관련된 
      이름으로 적어줌 -->
   <select id="idCheck" parameterType="String" resultType="String">
      SELECT CID FROM CUSTOMER
      WHERE CID=#{VALUE}
   </select>
   <select id="selectName" parameterType="String" resultType="String">
   SELECT CNAME FROM CUSTOMER WHERE CID = #{VALUE}
   </select>

     <insert id="insertCustomer" parameterType="customer" >
     INSERT INTO 
     CUSTOMER(CNO, CID, CPHONE, CADDRESS, CNAME, CPASSWORD, CEMAIL, CJANG, CPOINT, CBIRTH, CGENDER,CLEVEL,CJOINDATE)
     VALUES(CUSTOMER_SEQ.NEXTVAL, #{cid},#{cphone},#{caddress},#{cname},#{cpassword},#{cemail},'non',0,#{cbirth},#{cgender},'SILVER',SYSDATE)
     </insert>
     
     <select id="loginCheck" parameterType="String" resultType="String">
     SELECT CPASSWORD FROM CUSTOMER
     WHERE CID=#{VALUE}
     </select>
     
     <select id="idfind" parameterType="customer" resultType="String">
     SELECT CID FROM CUSTOMER WHERE CNAME=#{cname} AND CEMAIL=#{cemail}
     </select>
     <select id="findId" parameterType="customer" resultType="String">
     SELECT CID FROM CUSTOMER WHERE CNAME=#{cname} AND CEMAIL=#{cemail}
     </select>
     
     <select id="findPw" parameterType="customer" resultType="String"> 
        SELECT  CPASSWORD FROM CUSTOMER WHERE CID = #{cid} AND CPHONE = #{cphone}
     </select>
     
     <update id="updatePass" parameterType="HashMap">
        UPDATE CUSTOMER SET CPASSWORD = #{pw} WHERE CID = #{id}
             </update>
        <select id="cLevel" parameterType="String" resultType="String">
     SELECT l.clevel FROM CUSTOMER C , CLEVEL L WHERE C.CSUM BETWEEN L.MINSUM AND L.MAXSUM and cid = #{VALUE}
     </select> 
     
     <select id="selectCno" parameterType="String" resultType="int">
     SELECT CNO FROM CUSTOMER WHERE CID=#{id}
     </select> 
</mapper>




