<?xml version="1.0" encoding="UTF-8"?>
<!DOCTYPE mapper
PUBLIC "-//mybatis.org//DTD Mapper 3.0//EN"
"http://mybatis.org/dtd/mybatis-3-mapper.dtd">

<mapper namespace="sist.com.bean.Movie">

<select id="getMname" resultType="String">
		 <![CDATA[ SELECT MNAME FROM MOVIE WHERE MDATE < SYSDATE ]]> 
		</select>
		
<select id="getMno" resultType="String" parameterType="String">
		SELECT MNO FROM MOVIE WHERE MNAME=#{VALUE}
		</select>	
		
		<select id="getPhoto1" resultType="String" parameterType="String">
		SELECT POSTER FROM MPOTO WHERE MNO=#{mno}
		</select>	
		
		<select id="getMplay" resultType="String">
		SELECT MPLAY FROM MOVIE ORDER BY MDATE DESC
		</select>
		
			<select id="getCurrentMovie" resultType="nopt">
        <![CDATA[ SELECT POSTER, MOVIE.MNO FROM MOVIE, MPOTO WHERE MOVIE.MNO=MPOTO.MNO AND MDATE<SYSDATE AND MDATE< SYSDATE+60]]>  
		</select>
		
		<select id="getPlanMovie" resultType="nopt">
        <![CDATA[ SELECT POSTER, MOVIE.MNO FROM MOVIE, MPOTO WHERE MOVIE.MNO=MPOTO.MNO AND MDATE>SYSDATE]]>  
		</select>
		<select id="getMovie" resultType="Movie" parameterType="String">
	select p.poster poster,p.photo1 photo1,p.photo2 photo2,p.photo3 photo3,m.mno mno,mname,mrunning,mdir,mactor,to_char(mdate,'YYYY/MM/DD') mdate,mstory,a.age magecode, g.mgenre genno  from movie m,mpoto p,mage a,moviegenre g where m.mno=p.mno and m.mno=#{values} and m.magecode=a.magecode and g.genno=m.genno
		</select>
		<select resultType="movie" id="getMovieAge">
		<![CDATA[SELECT AGEPHOTO, MNAME FROM MOVIE M, MAGE A WHERE M.MAGECODE = A.MAGECODE and MDATE<=SYSDATE]]>
		</select>

<!-- 요셉 -->


<select resultType="String" id="getSeatPoster" parameterType="String">SELECT POSTER FROM MOVIE M , MPOTO P WHERE M.MNO=P.MNO AND MNAME=#{VALUE} </select>

<!-- 요셉 -->
</mapper>