<?xml version="1.0" encoding="UTF-8"?>
<!DOCTYPE mapper
PUBLIC "-//mybatis.org//DTD Mapper 3.0//EN"
"http://mybatis.org/dtd/mybatis-3-mapper.dtd">
<mapper namespace="sist.com.bean.Movieseat">

	<select id="getAllSeat" resultType="seat">
	select * from movieseat
	</select>
	<update id="updateReserve" parameterType="HashMap">
         update movieseat set sreserve ='O' where sno in 
      <foreach collection="list" item="seatmap" index="index" separator="," open="(" close=")">
       #{seatmap}
    </foreach>
   </update>
	
	<update id="eraseReserve" parameterType="ArrayList">
         update movieseat set sreserve ='X' where sno in 
      <foreach collection="list" item="values" index="index" separator="," open="(" close=")">
       #{values}
    </foreach>
   </update>
</mapper>







































