<?xml version="1.0" encoding="UTF-8"?>
<!DOCTYPE mapper
PUBLIC "-//mybatis.org//DTD Mapper 3.0//EN"
"http://mybatis.org/dtd/mybatis-3-mapper.dtd">
<!-- id; firstName; lastName; email; -->
<mapper namespace="sist.com.bean.SnackBean">

	<insert id="insertSnack" parameterType="snack">
		INSERT INTO SNACK
		VALUES(SNACK_SEQ.NEXTVAL,#{sname},#{sitem},#{sprice},#{scontent},#{sorin},#{simg},#{sdeptno})
	</insert>
	
	<select id="selectSnackDept" resultType="snack" parameterType="Integer">
		SELECT RM, SNO,SNAME,SIMG, SITEM, SPRICE, SCONTENT, NVL(SORIN,'	')SORIN,SDEPTNO FROM(
		SELECT ROWNUM RM, SNO,SNAME,SIMG, SITEM, SPRICE, SCONTENT, SORIN,SDEPTNO
		FROM SNACK) WHERE SDEPTNO = #{VALUE}
		ORDER BY RM
	</select>
	<select id="selectOne" resultType="snack" parameterType="Integer">
		SELECT RM,SNO, SNAME, SITEM, SPRICE, SCONTENT, NVL(SORIN,' ')SORIN, SIMG,
		SDEPTNO FROM(
		SELECT ROWNUM RM,SNO, SNAME, SITEM, SPRICE, SCONTENT, SORIN, SIMG, SDEPTNO
		FROM SNACK WHERE SNO = #{VALUE})
	</select>
	<select id="selectSnack" resultType="snack">
		SELECT RM, SNO,SNAME,SIMG, SITEM, SPRICE, SCONTENT, NVL(SORIN,'
		')SORIN,SDEPTNO FROM(
		SELECT ROWNUM RM, SNO,SNAME,SIMG, SITEM, SPRICE, SCONTENT, SORIN,SDEPTNO
		FROM SNACK)
		ORDER BY RM
	</select>
</mapper>







































