<?xml version="1.0" encoding="UTF-8"?>
<!DOCTYPE mapper
PUBLIC "-//mybatis.org//DTD Mapper 3.0//EN"
"http://mybatis.org/dtd/mybatis-3-mapper.dtd">
<!-- id; firstName; lastName; email; -->
<mapper namespace="sist.com.bean.Ticket">
	<insert id="insertTicket" parameterType="ticket">
	insert into 
	movieticket values(
	ticket_seq.nextval,#{id},#{title},#{seat},#{theater},#{tdate},#{time},sysdate
	)
	</insert>
	<select id="getTicket" resultType="ticket" parameterType="String">
	select  NO, ID,TITLE,SEAT,THEATER,to_char(TDATE,'mm/dd') TDATE,TIME,to_char(TODAY,'mm/dd') TODAY
	FROM MOVIETICKET
	where id=#{values}
	</select>
	<select id="getTicketSeat" resultType="String" parameterType="int">
	select  seat
	FROM MOVIETICKET
	where no=#{values}
	</select>
	<delete id="deleteTicket" parameterType="int">
	delete movieticket where no=#{values}
	
	</delete>
</mapper>





