<?xml version="1.0" encoding="UTF-8"?>
<!DOCTYPE mapper
PUBLIC "-//mybatis.org//DTD Mapper 3.0//EN"
"http://mybatis.org/dtd/mybatis-3-mapper.dtd">

<mapper namespace="sist.com.bean.ReviewBean">

<!--  no;      
title;    
writer;   
password; 
contents; 
regdate;  
hit;      
fileName; 
ref;      
step;     
lev;      
pnum;     
reply; -->

   <resultMap type="review" id="selectBoardID">
      <result  property="rm" jdbcType="BIGINT" column="rm"/>
      <result  property="no" jdbcType="BIGINT" column="no"/>
      <result  property="title" jdbcType="VARCHAR" column="subject"/>
      <result  property="writer" jdbcType="VARCHAR" column="writer"/>
      <result  property="contents" jdbcType="VARCHAR" column="contents"/>
      <result  property="regdate" jdbcType="VARCHAR" column="regdate"/>
      <result  property="hit" jdbcType="BIGINT" column="hit"/>
      <result  property="fileName" jdbcType="VARCHAR" column="fileName"/>
   
   </resultMap>
   
    <update id="updatemod" parameterType="review">
     UPDATE MOVIEREVIEW SET RSTORY=#{rstory},RNAME=#{rname},RTITLE=#{rtitle},RPASSWORD=#{rpassword},RSCORE=#{rscore},MTITLE=#{mtitle},MNO=#{mno}
     WHERE RNO=#{rno}
     </update>
     
     <select id="getMod" parameterType="String" resultType="review">
     SELECT TITLE,WRITER,PASSWORD,CONTENTS
     FROM BOARD
     WHERE NO=#{no}
     </select>
      
     <delete id="deleteBoard" parameterType="java.lang.String">
     DELETE FROM MOVIEREVIEW
     WHERE RNO=#{VALUE}
     </delete>
     
     <select id="getPassword" resultType="String" parameterType="String">
     SELECT RPASSWORD
     FROM MOVIEREVIEW
     WHERE RNO=#{rno}
     </select>
     
 <select id="selectBoard" resultType="review" resultMap="selectBoardID"
      parameterType="java.util.HashMap">
      SELECT RNO,RNAME,RTITLE,RPASSWORD,RSCORE,MTITLE,RSTORY
      FROM MOVIEREVIEW
        <if test="query!=null">         
        WHERE ${query} LIKE '%'||#{data}||'%'
          </if> 
   </select>
    
          <select id="getTotalRow" resultType="Integer" parameterType="HashMap">
        SELECT COUNT(*) FROM MOVIEREVIEW
        <if test="query!=null">
         WHERE ${query} LIKE '%'||#{data}||'%'
      </if>
     </select>
     
     <update id="updateStep" parameterType="review">
       UPDATE BOARD SET STEP=STEP+1
       WHERE REF=#{ref} AND STEP > #{step}
     </update>
     
     <update id="updateReply" parameterType="review">
     UPDATE BOARD SET
     <!-- <if test="job=='reply'">
      REPLY=REPLY+1
     </if> 
     <if test="job=='delete'">
      REPLY=REPLY-1
     </if> -->
     <choose>
     <when test="job=='reply'">
      REPLY=REPLY+1
     </when>
     <otherwise>
      REPLY=REPLY-1
     </otherwise>
     </choose>
     WHERE NO=#{pnum}
     </update>
     
     <select id="getRtitle" resultType="String" parameterType="Integer">
     SELECT MTITLE FROM MOVIEREVIEW WHERE RNO=#{rno}
     </select>
     
      
     <select id="selectInfoBoard" parameterType="int" resultType="review">
       SELECT *
       FROM MOVIEREVIEW 
       WHERE RNO=#{VALUE}
     </select>
     
     <update id="updateHit" parameterType="int">
     UPDATE BOARD SET HIT=HIT+1
     WHERE NO=#{VALUES}
     </update>
     
     <select id="getSequence" resultType="Integer">
       SELECT REVIEW_SEQ.NEXTVAL FROM DUAL
     </select>
   
     
     <insert id="insertBoard" parameterType="sist.com.bean.ReviewBean">     
     INSERT INTO MOVIEREVIEW(RNO,RNAME,RTITLE,RPASSWORD,RSCORE,MTITLE,RSTORY,MNO,CID) 
     VALUES(review_seq.nextval,#{rname},#{rtitle},#{rpassword},#{rscore},#{mtitle},#{rstory},#{mno},#{cid})
  </insert>
  
	  <select id="selectRank" resultType="review">
     SELECT MTITLE,AVG(RSCORE), RANK() OVER(ORDER BY AVG(RSCORE) DESC) AS RANK
     FROM MOVIEREVIEW
     GROUP BY MTITLE
     </select>
       <select id="selectMovieRank" resultType="review">
     SELECT title,count(title), RANK() OVER(ORDER BY count(title) DESC) AS RANK
     FROM movieticket
     GROUP BY title
     </select>
</mapper>