<?xml version="1.0" encoding="UTF-8"?>
<!DOCTYPE mapper
PUBLIC "-//mybatis.org//DTD Mapper 3.0//EN"
"http://mybatis.org/dtd/mybatis-3-mapper.dtd">
<mapper namespace="sist.com.bean.Movieseat">

	<select id="getAllSeat" resultType="seat">
	select * from movieseat
	</select>
	<update id="updateReserve" parameterType="HashMap">
         update ticket set seat ='O'
          where TITLE =#{ticket.title} and TDATE =#{ticket.tdate} and THEATER=#{ticket.theater} and TIME =#{ticket.time} and sno in
      <foreach collection="list" item="seatmap" index="index" separator="," open="(" close=")">
       #{seatmap}
      </foreach>
    </update>
	
	
	<update id="eraseReserve" parameterType="HashMap">
         update ticket set seat ='X'
          where TITLE =#{ticket.title} and TDATE =#{ticket.tdate} and THEATER=#{ticket.theater} and TIME =#{ticket.time} and sno in
      <foreach collection="list" item="seatmap" index="index" separator="," open="(" close=")">
       #{seatmap}
      </foreach>
    </update>
	
</mapper>







































